,Analysis
0,O046_230605
1,E13_230528
2,O045_230605
3,O138_20230809
4,E074_230610
5,O036_230605
6,O281_20230809
7,O030_230605
8,O055_230605
9,O065_230605
10,E021(양적음)_230606
11,E087_230612
12,O46_res32_001_230428
13,E065_230610
14,E017_230606
15,E036_230610
16,O013_230605
17,O059_230605
18,E38_001_230503
19,O028_230605
20,E042_230606
21,E063_230610
22,E018_230606
23,O051_230605
24,O016_230605
25,O26_001_230503
26,E049_230606
27,O066_230605
28,O003_230605
29,O080_230605
30,O024_230605
31,O211_20230803
32,E073_230610
33,E031_230606
34,E14_230528
35,O034_230605
36,Black Bird E3_230519
37,E060_230610
38,E044_230606
39,O063_230605
40,O061_230605
41,E008_230606
42,O048_230605
43,O081_230605
44,E046_230606
45,E055_230610
46,O074_230605
47,E089_230612
48,O070_230605
49,O004_230605
50,E050_230606
51,O001_230605
52,E019_230606
53,E069_230610
54,E444_001_230503
55,E013_230606
56,O056_230605
57,O151_20230809
58,Black Bird E2_230519
59,E095_230612
60,O086_230605
61,O141_20230809
62,O076_230605
63,O243_20230803
64,O025_230605
65,O071_230605
66,O084_230605
67,O875_001_230503
68,O064_230605
69,O075_230605
70,Black Bird O3_230519
71,E048_230606
72,O009_230605
73,O020_230605
74,O018_230605
75,O078_230605
76,O289_20230809
77,O044_230605
78,O096_230605
79,O019_230605
80,O012_230605
81,O139_20230809
82,O62_001_230503
83,O47_res32_001_230428
84,O031_230605
85,O855_001_230503
86,E057_230610
87,Black Bird O5_230519
88,O022_230605
89,O060_230605
90,E7_230528
91,O149_20230809
92,O094_230605
93,O010_230605
94,E498_230521
95,E483_230521
96,O092_230605
97,O039_230605
98,O243_res32_20230726
99,O498_001_230511
100,O038_230605
101,E441_230521
102,E053_230610
103,E026_230606
104,O049_230605
105,O441_001_230511
106,E22_001_230503
107,O035_230605
108,O140_20230809
109,E080_230612
110,O095_230605
111,O047_230605
112,E047_230606
113,O098_230605
114,O249_20230803
115,E029_230606
116,O057_230605
117,O091_230605
118,O005_230605
119,E088_230612
120,O029_230605
121,O026_230605
122,E497_230521
123,O023_230605
124,Black Bird E5_230519
125,E19_230528
126,E47_res32_001_230428
127,E007_230606
128,O008_230605
129,O015_230605
130,E023_230606
131,O041_230605
132,E090_230612
133,E035_230606
134,O067_230605
135,O085_230605
136,O097_230605
137,E855_001_230503
138,E077_230612
139,E097_230612
140,O053_230605
141,E8_230528
142,O483_001_230511
143,E022_230606
144,E091_230612
145,E052_230610
146,O082_230605
147,E059_230610
148,O087_230605
149,E068_230610
150,Black Bird O2_230519
151,E092_230612
152,E015_230606
153,O137_20230809
154,E23_230528
155,E061_230610
156,O040_230605
157,O058_230605
158,O033_230605
159,E075_230610
160,E040_230606
161,O083_230605
162,E005_230606
163,O131_20230809
164,E025_230606
165,O218_20230803
166,E24_001_230503
167,Black Bird E4_230519
168,E070_230610
169,O052_230605
170,E014_230606
171,O143_20230809
172,E875_001_230503
173,O014_230605
174,O002_230605
175,O054_230605
176,E004_230606
177,O444_001_230503
178,E051_230610
179,E010_230606
180,O042_230605
181,O050_230605
182,E084_230612
183,E26_001_230503
184,O38_001_230503
185,E009_230606
186,E032(양적음)_230606
187,E072_230610
188,O006_230605
189,E062_230610
190,O088_230605
191,O216_20230803
192,O079_230605
193,E038_230606
194,E082_230612
195,O021_230605
196,O144_20230809
197,O093_230605
198,O147_20230809
199,O007_230605
200,O069_230605
201,O068_230605
202,O032_230605
203,E002_230606
204,O24_001_230503
205,O062_230605
206,E946_001_230503
207,E058_230610
208,E094_230612
209,E099_230612
210,E096_230612
211,E037_230606
212,O152_20230809
213,E003_230606
214,E086_230612
215,O017_230605
216,O150-1_20230809
217,E25_230528
218,E081_230612
219,E033_230606
220,O153_20230809
221,O072_230605
222,O946_001_230503
223,E098_230612
224,Black Bird O4_230519
225,E034_230606
226,O497_001_230511
227,O496_001_230511
228,O027_230605
229,O090_230605
230,E016_230606
231,O043_230605
232,O037_230605
233,E16_230528
234,E46_res32_001_230428
235,E496_230521
236,E039_230606
237,O22_001_230503
238,O145_20230809
239,E079_230612
240,E027_230606
241,E011_230610
242,E056_230610
243,O011_230605
244,E054_230610
245,O146_20230809
246,O099_230605
247,E093_230612
248,E4_230528
249,O257_20230803
250,E62_001_230503
251,E020_230606
252,O089_230605
253,O073_230605
254,E024_230606
255,E078_230612
256,O077_230605
257,O150_20230809
258,E043_230606
259,O148_20230809
